phonetype,name,price,image-src
Galaxy S7,The Ultimate Samsung Galaxy S7 Accessory Pack,$26.00 ,https://images.mobilefun.co.uk/graphics/300pixelp/58445.jpg
iPhone X,Olixar iPhone X Camera Lens Protector Metal Ring - Black / Silver,$12.99 ,https://images.mobilefun.co.uk/graphics/300pixelp/65921.jpg
"Huawei
P20",Olixar Sentinel Huawei P20 Case and Glass Screen Protector,$32.50 ,https://images.mobilefun.co.uk/graphics/300pixelp/67437.jpg
"Galaxy 
Note 8",Olixar FlexiCover 360 Protection Samsung Galaxy Note 8 Case - Clear,$16.89 ,https://images.mobilefun.co.uk/graphics/300pixelp/64795.jpg
iPhone 7,Moshi IonGlass iPhone 7 Glass Screen Protector - Black,$39.00 ,https://images.mobilefun.co.uk/graphics/300pixelp/60896.jpg
iPhone SE,Spigen GLAS.tR Nano Liquid Universal Screen Protection Kit,$32.50 ,https://images.mobilefun.co.uk/graphics/300pixelp/67146.jpg
"Galaxy 
Note 8",Whitestone Dome Glass Galaxy Note 8 Full Cover Screen Protector,$52.01 ,https://images.mobilefun.co.uk/graphics/300pixelp/64792.jpg
"Galaxy J5
2017",Olixar Samsung Galaxy J5 2017 Screen Protector 2-in-1 Pack,$7.79 ,https://images.mobilefun.co.uk/graphics/300pixelp/64490.jpg
"Galaxy A5
2017",Procare Wet/Dry Screen Cleaning Kit and Stylus,$6.49 ,https://images.mobilefun.co.uk/graphics/300pixelp/47023.jpg
"Galaxy S8
Plus",Zizo Click Samsung Galaxy S8 Plus Stand Case & Glass Screen Protector,$19.50 ,https://images.mobilefun.co.uk/graphics/300pixelp/67480.jpg
"iPhone 7
Plus",Olixar iPhone 7 Plus Edge to Edge Glass Screen Protector - Black,$19.50 ,https://images.mobilefun.co.uk/graphics/300pixelp/61098.jpg
"Galaxy A3
2017",The Ultimate Samsung Galaxy A3 2017 Accessory Pack,$33.80 ,https://images.mobilefun.co.uk/graphics/300pixelp/62846.jpg
"Galaxy A5
2017",Olixar Samsung Galaxy A5 2017 Screen Protector 2-in-1 Pack,$9.09 ,https://images.mobilefun.co.uk/graphics/300pixelp/62436.jpg
"Galaxy S8
Plus",Olixar Extreme Protection Galaxy S8 Plus Case & Glass Screen Protector,$39.00 ,https://images.mobilefun.co.uk/graphics/300pixelp/63708.jpg
iPhone X,Patchworks ITG iPhone X Full Cover 3D Tempered Glass Screen Protector,$12.99 ,https://images.mobilefun.co.uk/graphics/300pixelp/65024.jpg
iPhone SE,Crystalusion Liquid Glass Screen Protection - Twin Pack,$19.50 ,https://images.mobilefun.co.uk/graphics/300pixelp/50300.jpg
iPhone 7,InvisibleShield iPhone 7 HD Full Body Screen Protector,$26.00 ,https://images.mobilefun.co.uk/graphics/300pixelp/60617.jpg
"Huawei
P20 Lite",Crystalusion Liquid Glass Screen Protection,$15.59 ,https://images.mobilefun.co.uk/graphics/300pixelp/39834.jpg
iPhone X,Speck ShieldView Glass Pro iPhone X Screen Protector - Clear,$16.89 ,https://images.mobilefun.co.uk/graphics/300pixelp/66533.jpg
iPhone X,Moshi AirFoil iPhone X Glass Screen Protector - Clear,$16.89 ,https://images.mobilefun.co.uk/graphics/300pixelp/64586.jpg
"iPhone 7
Plus",Whitestone Dome Glass iPhone 8 / 7 Plus Full Cover Screen Protector,$52.01 ,https://images.mobilefun.co.uk/graphics/300pixelp/63880.jpg
"Google
Pixel 2",Whitestone Dome Glass Google Pixel 2 Full Cover Screen Protector,$52.01 ,https://images.mobilefun.co.uk/graphics/300pixelp/66205.jpg
iPhone X,Olixar iPhone X EasyFit Case Friendly Tempered Glass Screen Protector,$22.10 ,https://images.mobilefun.co.uk/graphics/300pixelp/65762.jpg
"Galaxy S8
Plus",Spigen GLAS.tR Nano Liquid Universal Screen Protection Kit,$32.50 ,https://images.mobilefun.co.uk/graphics/300pixelp/67146.jpg
Galaxy S8,Kahu Samsung Galaxy S8 Case Friendly Glass Screen Protector - Clear,$16.89 ,https://images.mobilefun.co.uk/graphics/300pixelp/64028.jpg
Galaxy S8,BodyGuardz Arc Glass Samsung Galaxy S8 Screen Protector,$39.00 ,https://images.mobilefun.co.uk/graphics/300pixelp/62815.jpg
"Galaxy A3
2017",Spigen GLAS.tR Nano Liquid Universal Screen Protection Kit,$32.50 ,https://images.mobilefun.co.uk/graphics/300pixelp/67146.jpg
"Huawei
P20",Whitestone Dome Glass Huawei P20 Full Cover Screen Protector,$58.51 ,https://images.mobilefun.co.uk/graphics/300pixelp/67903.jpg
iPhone 7,Olixar Red iPhone 7 White to Black Fascia Glass Screen Protector,$26.00 ,https://images.mobilefun.co.uk/graphics/300pixelp/63365.jpg
"iPhone 8 
Plus",The Ultimate iPhone 8 Plus Accessory Pack,$32.50 ,https://images.mobilefun.co.uk/graphics/300pixelp/65716.jpg
iPhone X,BodyGuardz Pure 2 iPhone X Premium Glass Screen Protector,$26.00 ,https://images.mobilefun.co.uk/graphics/300pixelp/65507.jpg
"Huawei
P20 Pro",Olixar Huawei P20 Pro Film Screen Protector 2-in-1 Pack,$7.79 ,https://images.mobilefun.co.uk/graphics/300pixelp/67474.jpg
iPhone X,OtterBox Alpha iPhone X Glass Screen Protector,$19.50 ,https://images.mobilefun.co.uk/graphics/300pixelp/64626.jpg
iPhone X,The Ultimate iPhone X Accessory Pack,$32.50 ,https://images.mobilefun.co.uk/graphics/300pixelp/65630.jpg
iPhone 7,Whitestone Dome Glass iPhone 8 / 7 Full Cover Screen Protector,$52.01 ,https://images.mobilefun.co.uk/graphics/300pixelp/63745.jpg
"Galaxy A3
2017",Crystalusion Liquid Glass Screen Protection,$15.59 ,https://images.mobilefun.co.uk/graphics/300pixelp/39834.jpg
"Google
Pixel 2",Olixar Google Pixel 2 Screen Protector 2-in-1 Pack,$7.79 ,https://images.mobilefun.co.uk/graphics/300pixelp/65371.jpg
"Galaxy A5
2017",Spigen Film Crystal Samsung Galaxy A5 2017 Screen Protector - Two Pack,$16.89 ,https://images.mobilefun.co.uk/graphics/300pixelp/62891.jpg
"Galaxy 
Note 8",Olixar Galaxy Note 8 EasyFit Case Compatible Glass Screen Protectors,$39.00 ,https://images.mobilefun.co.uk/graphics/300pixelp/65463.jpg
"Galaxy S8
Plus",Olixar Front And Back Samsung Galaxy S8 Plus TPU Screen Protectors,$12.99 ,https://images.mobilefun.co.uk/graphics/300pixelp/63395.jpg
iPhone X,OtterBox iPhone X Clearly Protected Skin and Screen Protector Kit,$32.50 ,https://images.mobilefun.co.uk/graphics/300pixelp/64625.jpg
"Galaxy S8
Plus",Olixar Galaxy S8 Plus Full Cover Glass Screen Protector - Black,$26.00 ,https://images.mobilefun.co.uk/graphics/300pixelp/63177.jpg
"iPhone 7
Plus",Olixar XTrio Full Cover iPhone 7 Plus Case - Red,$32.50 ,https://images.mobilefun.co.uk/graphics/300pixelp/63430.jpg
"Huawei
P20",The Ultimate Huawei P20 Accessory Pack,$33.80 ,https://images.mobilefun.co.uk/graphics/300pixelp/67707.jpg
"Google
Pixel 2 XL",Spigen GLAS.tR Nano Liquid Universal Screen Protection Kit,$32.50 ,https://images.mobilefun.co.uk/graphics/300pixelp/67146.jpg
Galaxy S8,Whitestone Dome Glass Samsung Galaxy S8 Full Cover Screen Protector,$52.01 ,https://images.mobilefun.co.uk/graphics/300pixelp/63746.jpg
"iPhone 7
Plus",Spigen GLAS.tR Nano Liquid Universal Screen Protection Kit,$32.50 ,https://images.mobilefun.co.uk/graphics/300pixelp/67146.jpg
"Huawei
P20",Olixar Huawei P20 Tempered Glass Screen Protector,$16.89 ,https://images.mobilefun.co.uk/graphics/300pixelp/67435.jpg
"Galaxy J3
2017",Olixar Samsung Galaxy J3 2017 Screen Protector 2-in-1 Pack,$7.79 ,https://images.mobilefun.co.uk/graphics/300pixelp/63269.jpg
"iPhone 7
Plus",Olixar iPhone 8 Plus / 7 Plus Screen Protector 2-in-1 Pack,$6.49 ,https://images.mobilefun.co.uk/graphics/300pixelp/61013.jpg
"Google
Pixel 2 XL",PanzerGlass Google Pixel 2 XL Glass Screen Protector - Black,$32.50 ,https://images.mobilefun.co.uk/graphics/300pixelp/68322.jpg
Galaxy S7,Olixar Samsung Galaxy S7 Screen Protector 2-in-1 Pack,$9.09 ,https://images.mobilefun.co.uk/graphics/300pixelp/58464.jpg
iPhone X,Olixar FlexiCover Full Protection iPhone X Gel Case - Clear,$16.89 ,https://images.mobilefun.co.uk/graphics/300pixelp/64981.jpg
"Huawei
P20",Eiger 3D Glass Huawei P20 Tempered Glass Screen Protector,$26.00 ,https://images.mobilefun.co.uk/graphics/300pixelp/68189.jpg
iPhone 7,Olixar XTrio iPhone 7 Case & Screen Protector - Red,$19.50 ,https://images.mobilefun.co.uk/graphics/300pixelp/61456.jpg
"iPhone 8 
Plus",Spigen GLAS.tR Nano Liquid Universal Screen Protection Kit,$32.50 ,https://images.mobilefun.co.uk/graphics/300pixelp/67146.jpg
"Galaxy S8
Plus",Kahu Samsung Galaxy S8 Plus Curved Glass Screen Protector - 100% Clear,$16.89 ,https://images.mobilefun.co.uk/graphics/300pixelp/64031.jpg
"Galaxy A3
2017",Crystalusion Liquid Glass Screen Protection - Twin Pack,$19.50 ,https://images.mobilefun.co.uk/graphics/300pixelp/50300.jpg
iPhone X,Moshi IonGlass iPhone X Tempered Glass Screen Protector - Black,$45.51 ,https://images.mobilefun.co.uk/graphics/300pixelp/64590.jpg
"Huawei
P20 Pro",Olixar Sentinel Huawei P20 Pro Case and Glass Screen Protector,$32.50 ,https://images.mobilefun.co.uk/graphics/300pixelp/67530.jpg
"iPhone 7
Plus",Olixar XTrio Full Cover iPhone 7 Plus Case - Black,$32.50 ,https://images.mobilefun.co.uk/graphics/300pixelp/61457.jpg
iPhone 7,iPhone 7 Tough Case & Glass Screen Protector - Olixar Sentinel,$32.50 ,https://images.mobilefun.co.uk/graphics/300pixelp/64931.jpg
iPhone 8,Olixar XTrio Full Cover iPhone 8 Case & Screen Protector - Red,$19.50 ,https://images.mobilefun.co.uk/graphics/300pixelp/64533.jpg
"Google
Pixel 2",Olixar Google Pixel 2 Full Cover Glass Screen Protector - Black,$19.50 ,https://images.mobilefun.co.uk/graphics/300pixelp/65793.jpg
"Galaxy A5
2017",Crystalusion Liquid Glass Screen Protection,$15.59 ,https://images.mobilefun.co.uk/graphics/300pixelp/39834.jpg
iPhone SE,Olixar iPhone SE Anti-Blue Light Tempered Glass Screen Protector,$16.89 ,https://images.mobilefun.co.uk/graphics/300pixelp/59109.jpg
iPhone 7,Olixar iPhone 7 Edge to Edge Tempered Glass Screen Protector - Black,$19.50 ,https://images.mobilefun.co.uk/graphics/300pixelp/60505.jpg
iPhone 8,Olixar iPhone 8 / 7 Anti-Blue Light Tempered Glass Screen Protector,$16.89 ,https://images.mobilefun.co.uk/graphics/300pixelp/61031.jpg
"iPhone 8 
Plus",Whitestone Dome Glass iPhone 8 / 7 Plus Full Cover Screen Protector,$52.01 ,https://images.mobilefun.co.uk/graphics/300pixelp/63880.jpg
"Google
Pixel 2 XL",Crystalusion Liquid Glass Screen Protection,$15.59 ,https://images.mobilefun.co.uk/graphics/300pixelp/39834.jpg
Galaxy S8,Olixar Sentinel Samsung Galaxy S8 Case and Glass Screen Protector,$32.50 ,https://images.mobilefun.co.uk/graphics/300pixelp/68865.jpg
"iPhone 7
Plus",Olixar iPhone 7 Plus Edge to Edge Glass Screen Protector - Red,$19.50 ,https://images.mobilefun.co.uk/graphics/300pixelp/63399.jpg
Galaxy S8,Olixar Samsung Galaxy S8 Screen Protector 2-in-1 Pack,$9.09 ,https://images.mobilefun.co.uk/graphics/300pixelp/63251.jpg
"iPhone 8 
Plus",Olixar XTrio Full Cover iPhone 8 Plus Case - Red,$32.50 ,https://images.mobilefun.co.uk/graphics/300pixelp/64528.jpg
"Galaxy J5
2017",Spigen GLAS.tR Nano Liquid Universal Screen Protection Kit,$32.50 ,https://images.mobilefun.co.uk/graphics/300pixelp/67146.jpg
iPhone X,Whitestone Dome Glass iPhone X Full Cover Screen Protector,$52.01 ,https://images.mobilefun.co.uk/graphics/300pixelp/65645.jpg
"Galaxy A3
2017",Procare Wet/Dry Screen Cleaning Kit and Stylus,$6.49 ,https://images.mobilefun.co.uk/graphics/300pixelp/47023.jpg
iPhone X,InvisibleShield iPhone X Glass+ Tempered Glass Screen Protector,$26.00 ,https://images.mobilefun.co.uk/graphics/300pixelp/65224.jpg
"Huawei
P20 Pro",Olixar FlexiCover Complete Protection Huawei P20 Pro Case - Clear,$16.89 ,https://images.mobilefun.co.uk/graphics/300pixelp/67735.jpg
iPhone X,Spigen GLAS.tR Nano Liquid Universal Screen Protection Kit,$32.50 ,https://images.mobilefun.co.uk/graphics/300pixelp/67146.jpg
iPhone 7,Olixar iPhone 8 / 7 Screen Protector 2-in-1 Pack,$9.09 ,https://images.mobilefun.co.uk/graphics/300pixelp/60508.jpg
Galaxy S7,Olixar Total Protection Samsung Galaxy S7 Case & Screen Protector,$15.59 ,https://images.mobilefun.co.uk/graphics/300pixelp/62004.jpg
"Galaxy S7
Edge",Olixar Samsung Galaxy S7 Edge Case Compatible Glass Screen Protector,$26.00 ,https://images.mobilefun.co.uk/graphics/300pixelp/64258.jpg
"iPhone 7
Plus",Olixar Total Protection iPhone 7 Plus Case & Screen Protector Pack,$23.40 ,https://images.mobilefun.co.uk/graphics/300pixelp/61993.jpg
"Galaxy S7
Edge",BodyGuardz Ultra Tough Samsung Galaxy S7 Edge Screen Protector,$22.10 ,https://images.mobilefun.co.uk/graphics/300pixelp/58071.jpg
Galaxy S8,Olixar Galaxy S8 EasyFit Case Compatible Glass Screen Protector,$32.50 ,https://images.mobilefun.co.uk/graphics/300pixelp/64127.jpg
"Huawei
P20 Pro",PanzerGlass Case Friendly Huawei P20 Pro Screen Protector - Black,$32.50 ,https://images.mobilefun.co.uk/graphics/300pixelp/67991.jpg
iPhone 7,Spigen GLAS.tR Nano Liquid Universal Screen Protection Kit,$32.50 ,https://images.mobilefun.co.uk/graphics/300pixelp/67146.jpg
"Galaxy A3
2017",Official Samsung Galaxy A3 2017 Screen Protector,$16.89 ,https://images.mobilefun.co.uk/graphics/300pixelp/62230.jpg
iPhone 7,Moshi IonGlass iPhone 7 Glass Screen Protector - White,$26.00 ,https://images.mobilefun.co.uk/graphics/300pixelp/60898.jpg
iPhone X,Olixar Sentinel iPhone X Case with Glass Screen Protector - Blue,$32.50 ,https://images.mobilefun.co.uk/graphics/300pixelp/69199.jpg
"Galaxy A5
2017",Crystalusion Liquid Glass Screen Protection - Twin Pack,$19.50 ,https://images.mobilefun.co.uk/graphics/300pixelp/50300.jpg
"iPhone 8 
Plus",Olixar iPhone 8 Plus Edge to Edge Glass Screen Protector - White,$26.00 ,https://images.mobilefun.co.uk/graphics/300pixelp/65225.jpg
iPhone 8,Olixar iPhone 8 / 7 Screen Protector 2-in-1 Pack,$9.09 ,https://images.mobilefun.co.uk/graphics/300pixelp/60508.jpg
iPhone 7,Olixar iPhone 7 Anti-Blue Light Edge To Edge Glass Screen Protector,$19.50 ,https://images.mobilefun.co.uk/graphics/300pixelp/61410.jpg
"iPhone 7
Plus",Spigen GLAS.tR Slim iPhone 7 Plus Tempered Glass Screen Protector,$19.50 ,https://images.mobilefun.co.uk/graphics/300pixelp/62638.jpg
iPhone 7,Olixar iPhone 7 Edge to Edge Tempered Glass Screen Protector - White,$19.50 ,https://images.mobilefun.co.uk/graphics/300pixelp/61158.jpg
"Huawei
P20 Pro",The Ultimate Huawei P20 Pro Accessory Pack,$33.80 ,https://images.mobilefun.co.uk/graphics/300pixelp/67700.jpg
"iPhone 7
Plus",The Ultimate iPhone 7 Plus Accessory Pack,$32.50 ,https://images.mobilefun.co.uk/graphics/300pixelp/61084.jpg
"Galaxy S7
Edge",Olixar Full Cover Samsung Galaxy S7 Edge Screen Protector 2-in-1 Pack,$9.09 ,https://images.mobilefun.co.uk/graphics/300pixelp/58474.jpg
"Galaxy S8
Plus",Official Samsung Galaxy S8 Plus Clear Cover Case Screen Protector Pack,$39.00 ,https://images.mobilefun.co.uk/graphics/300pixelp/63687.jpg
iPhone SE,Olixar iPhone SE Screen Protector 2-in-1 Pack,$6.49 ,https://images.mobilefun.co.uk/graphics/300pixelp/58818.jpg
iPhone 7,Spigen GLAS.tR Slim iPhone 7 Tempered Glass Screen Protector - 2 Pack,$14.29 ,https://images.mobilefun.co.uk/graphics/300pixelp/68314.jpg
"Galaxy A3
2017",Olixar Samsung Galaxy A3 2017 Screen Protector 2-in-1 Pack,$9.09 ,https://images.mobilefun.co.uk/graphics/300pixelp/62435.jpg
iPhone 7,Zizo Lightning Shield iPhone 7 Tempered Glass Screen Protector,$12.99 ,https://images.mobilefun.co.uk/graphics/300pixelp/60568.jpg
iPhone 7,OtterBox Alpha iPhone 8 / 7 / 6S / 6 Glass Screen Protector,$26.00 ,https://images.mobilefun.co.uk/graphics/300pixelp/65806.jpg
iPhone 7,PanzerGlass iPhone 7 Privacy Glass Screen Protector,$26.00 ,https://images.mobilefun.co.uk/graphics/300pixelp/60991.jpg
"OnePlus
5T",Olixar OnePlus 5T Film Screen Protector 2-in-1 Pack,$7.79 ,https://images.mobilefun.co.uk/graphics/300pixelp/65724.jpg
iPhone 8,Spigen GLAS.tR Slim iPhone 8 Tempered Glass Screen Protector - 2 Pack,$14.29 ,https://images.mobilefun.co.uk/graphics/300pixelp/68307.jpg
Galaxy S8,Olixar Samsung Galaxy S8 Full Cover Glass Screen Protector - Black,$19.50 ,https://images.mobilefun.co.uk/graphics/300pixelp/63176.jpg
iPhone 7,Olixar XTrio Full Cover iPhone 7 Case - Rose Gold,$32.50 ,https://images.mobilefun.co.uk/graphics/300pixelp/61449.jpg
"iPhone 7
Plus",Olixar iPhone 8 Plus / 7 Plus Anti-Blue Light Glass Screen Protector,$19.50 ,https://images.mobilefun.co.uk/graphics/300pixelp/61199.jpg
"iPhone 7
Plus",PanzerGlass Premium iPhone 7 Plus Glass Screen Protector - Rose Gold,$26.00 ,https://images.mobilefun.co.uk/graphics/300pixelp/62366.jpg
"Huawei
P20 Pro",Crystalusion Liquid Glass Screen Protection,$15.59 ,https://images.mobilefun.co.uk/graphics/300pixelp/39834.jpg
"Galaxy S8
Plus",OtterBox Alpha Glass Samsung Galaxy S8 Plus Screen Protector,$45.51 ,https://images.mobilefun.co.uk/graphics/300pixelp/63191.jpg
"Huawei
P20 Pro",Eiger 3D Glass Huawei P20 Pro Tempered Glass Screen Protector,$26.00 ,https://images.mobilefun.co.uk/graphics/300pixelp/68190.jpg
"Huawei
P20 Lite",Olixar Huawei P20 Lite Tempered Glass Screen Protector,$16.89 ,https://images.mobilefun.co.uk/graphics/300pixelp/67433.jpg
iPhone 8,Olixar XTrio Full Cover iPhone 8 Case - Rose Gold,$32.50 ,https://images.mobilefun.co.uk/graphics/300pixelp/64529.jpg
"Huawei
P20 Lite",Official Huawei P20 Lite Film Screen Protector,$9.09 ,https://images.mobilefun.co.uk/graphics/300pixelp/67547.jpg
iPhone X,Olixar iPhone X Tempered Glass Camera Protector - Twin Pack,$12.99 ,https://images.mobilefun.co.uk/graphics/300pixelp/65769.jpg
"Galaxy 
Note 8",Olixar Galaxy Note 8 Case Friendly Glass Screen Protector 2-in-1 Pack,$32.50 ,https://images.mobilefun.co.uk/graphics/300pixelp/64888.jpg
iPhone 8,Olixar iPhone 8 Edge to Edge Tempered Glass Screen Protector - White,$26.00 ,https://images.mobilefun.co.uk/graphics/300pixelp/65241.jpg
Galaxy S8,Spigen Samsung Galaxy S8 Neo Flex Screen Protector,$19.50 ,https://images.mobilefun.co.uk/graphics/300pixelp/63796.jpg
"Galaxy A3
2017",Olixar CleanSeal Active Defense Liquid Screen Cleaning and Protection,$6.49 ,https://images.mobilefun.co.uk/graphics/300pixelp/40369.jpg
"Galaxy S8
Plus",InvisibleShield Samsung Galaxy S8 Plus Original Screen Protector,$19.50 ,https://images.mobilefun.co.uk/graphics/300pixelp/62726.jpg
iPhone 8,iPhone 8 Olixar Sentinel Case and Glass Screen Protector,$32.50 ,https://images.mobilefun.co.uk/graphics/300pixelp/65294.jpg
"Galaxy J5
2017",Olixar Samsung Galaxy J5 2017 Tempered Glass Screen Protector,$16.89 ,https://images.mobilefun.co.uk/graphics/300pixelp/64491.jpg
"OnePlus
5T",Spigen GLAS.tR Nano Liquid Universal Screen Protection Kit,$32.50 ,https://images.mobilefun.co.uk/graphics/300pixelp/67146.jpg
"Galaxy S7
Edge",Olixar Samsung Galaxy S7 Edge Curved Glass Screen Protector - Black,$19.50 ,https://images.mobilefun.co.uk/graphics/300pixelp/58400.jpg
"Galaxy J3
2017",Olixar Samsung Galaxy J3 2017 Tempered Glass Screen Protector,$16.89 ,https://images.mobilefun.co.uk/graphics/300pixelp/62450.jpg
iPhone 8,The Ultimate iPhone 8 Accessory Pack,$32.50 ,https://images.mobilefun.co.uk/graphics/300pixelp/65696.jpg
"Galaxy 
Note 8",Olixar Galaxy Note 8 Full Cover Glass Screen Protector 2-in-1 Pack,$26.00 ,https://images.mobilefun.co.uk/graphics/300pixelp/64845.jpg
"Huawei
P20",Olixar FlexiCover Complete Protection Huawei P20 Case - Clear,$16.89 ,https://images.mobilefun.co.uk/graphics/300pixelp/67736.jpg
"Google
Pixel 2 XL",Whitestone Dome Glass Google Pixel 2 XL Full Cover Screen Protector,$58.51 ,https://images.mobilefun.co.uk/graphics/300pixelp/66206.jpg
"Galaxy A5
2017",The Ultimate Samsung Galaxy A5 2017 Accessory Pack,$33.80 ,https://images.mobilefun.co.uk/graphics/300pixelp/62847.jpg
iPhone X,Olixar iPhone X Case Compatible Tempered Glass Screen Protector,$12.99 ,https://images.mobilefun.co.uk/graphics/300pixelp/64982.jpg
"Google
Pixel 2 XL",Olixar Sentinel Google Pixel 2 XL Case and Glass Screen Protector,$32.50 ,https://images.mobilefun.co.uk/graphics/300pixelp/65798.jpg
"iPhone 8 
Plus",Olixar iPhone 8 Plus Edge to Edge Glass Screen Protector - Black,$26.00 ,https://images.mobilefun.co.uk/graphics/300pixelp/65203.jpg
"Galaxy S8
Plus",Whitestone Dome Glass Galaxy S8 Plus Full Cover Screen Protector,$52.01 ,https://images.mobilefun.co.uk/graphics/300pixelp/63747.jpg
"Huawei
P20 Pro",Spigen GLAS.tR Nano Liquid Universal Screen Protection Kit,$32.50 ,https://images.mobilefun.co.uk/graphics/300pixelp/67146.jpg
"iPhone 7
Plus",Moshi IonGlass iPhone 7 Plus Glass Screen Protector - Black,$45.51 ,https://images.mobilefun.co.uk/graphics/300pixelp/60897.jpg
iPhone X,Olixar iPhone X Screen Protector 2-in-1 Pack,$9.09 ,https://images.mobilefun.co.uk/graphics/300pixelp/65019.jpg
Galaxy S8,Olixar Galaxy S8 Case Compatible Glass Screen Protector - Black,$26.00 ,https://images.mobilefun.co.uk/graphics/300pixelp/63316.jpg
Galaxy S8,Olixar Samsung Galaxy S8 Case Compatible Glass Screen Protector: Clear,$32.50 ,https://images.mobilefun.co.uk/graphics/300pixelp/63318.jpg
"Huawei
P20 Lite",Spigen GLAS.tR Slim Huawei P20 Lite Tempered Glass Screen Protector,$18.20 ,https://images.mobilefun.co.uk/graphics/300pixelp/68692.jpg
"Galaxy 
Note 8",PanzerGlass Case Friendly Galaxy Note 8 Glass Screen Protector - Black,$26.00 ,https://images.mobilefun.co.uk/graphics/300pixelp/64820.jpg
iPhone 7,Olixar Total Protection iPhone 7 Case & Screen Protector Pack,$23.40 ,https://images.mobilefun.co.uk/graphics/300pixelp/61992.jpg
"iPhone 8 
Plus",Olixar XTrio Full Cover iPhone 8 Plus Case - Black,$32.50 ,https://images.mobilefun.co.uk/graphics/300pixelp/64527.jpg
Galaxy S8,Kahu Samsung Galaxy S8 Curved Glass Screen Protector - 100% Clear,$10.39 ,https://images.mobilefun.co.uk/graphics/300pixelp/64030.jpg
"iPhone 8 
Plus",Olixar iPhone 8 Plus / 7 Plus Case Compatible Glass Screen Protector,$16.89 ,https://images.mobilefun.co.uk/graphics/300pixelp/61030.jpg
"Galaxy A5
2017",Olixar CleanSeal Active Defense Liquid Screen Cleaning and Protection,$6.49 ,https://images.mobilefun.co.uk/graphics/300pixelp/40369.jpg
"Galaxy J3
2017",Spigen GLAS.tR Nano Liquid Universal Screen Protection Kit,$32.50 ,https://images.mobilefun.co.uk/graphics/300pixelp/67146.jpg
"iPhone 7
Plus",Olixar iPhone 8 Plus / 7 Plus Case Compatible Glass Screen Protector,$16.89 ,https://images.mobilefun.co.uk/graphics/300pixelp/61030.jpg
Galaxy S7,InvisibleShield Samsung Galaxy S7 Tempered Glass Screen Protector,$32.50 ,https://images.mobilefun.co.uk/graphics/300pixelp/57448.jpg
"iPhone 7
Plus",Olixar iPhone 7 Plus Edge to Edge Glass Screen Protector - White,$26.00 ,https://images.mobilefun.co.uk/graphics/300pixelp/61157.jpg
iPhone 8,Olixar XTrio Full Cover iPhone 8 Case - Black,$32.50 ,https://images.mobilefun.co.uk/graphics/300pixelp/64450.jpg
"Galaxy 
Note 8",Olixar Samsung Galaxy Note 8 Screen Protector 2-in-1 Pack,$9.09 ,https://images.mobilefun.co.uk/graphics/300pixelp/64767.jpg
iPhone X,BodyGuardz Ultra Tough iPhone X Screen Protector,$6.49 ,https://images.mobilefun.co.uk/graphics/300pixelp/65508.jpg
iPhone X,Olixar iPhone X EasyFit Full Cover Glass Screen Protector - 2 Pack,$19.50 ,https://images.mobilefun.co.uk/graphics/300pixelp/65729.jpg
"Google
Pixel 2",Spigen GLAS.tR Nano Liquid Universal Screen Protection Kit,$32.50 ,https://images.mobilefun.co.uk/graphics/300pixelp/67146.jpg
"Galaxy A5
2017",Olixar Samsung Galaxy A5 2017 Full Cover Glass Screen Protector -Black,$19.50 ,https://images.mobilefun.co.uk/graphics/300pixelp/62887.jpg
iPhone X,Olixar GlassTex iPhone X Screen and Back Glass Protectors,$12.99 ,https://images.mobilefun.co.uk/graphics/300pixelp/65195.jpg
"Galaxy S7
Edge",Olixar Total Protection Samsung Galaxy S7 Edge Case & Screen Protector,$15.59 ,https://images.mobilefun.co.uk/graphics/300pixelp/62003.jpg
"Huawei
P20 Pro",Olixar Huawei P20 Pro Tempered Glass Screen Protector,$16.89 ,https://images.mobilefun.co.uk/graphics/300pixelp/67434.jpg
Galaxy S8,Spigen GLAS.tR Nano Liquid Universal Screen Protection Kit,$32.50 ,https://images.mobilefun.co.uk/graphics/300pixelp/67146.jpg
"Huawei
P20 Pro",Whitestone Dome Glass Huawei P20 Pro Full Cover Screen Protector,$58.51 ,https://images.mobilefun.co.uk/graphics/300pixelp/68631.jpg
"Galaxy 
Note 8",Olixar Sentinel Samsung Galaxy Note 8 Case and Glass Screen Protector,$32.50 ,https://images.mobilefun.co.uk/graphics/300pixelp/64899.jpg
"Galaxy S8
Plus",Olixar Total Protection Samsung Galaxy S8 Plus Case & Screen Protector,$15.59 ,https://images.mobilefun.co.uk/graphics/300pixelp/63561.jpg
Galaxy S8,OtterBox Alpha Glass Samsung Galaxy S8 Screen Protector,$45.51 ,https://images.mobilefun.co.uk/graphics/300pixelp/63190.jpg
iPhone 7,PanzerGlass Premium iPhone 7 Glass Screen Protector - Jet Black,$26.00 ,https://images.mobilefun.co.uk/graphics/300pixelp/62367.jpg
iPhone SE,Rearth Invisible Defender iPhone SE Screen Protector - 4 Pack,$10.39 ,https://images.mobilefun.co.uk/graphics/300pixelp/57664.jpg
"Google
Pixel 2 XL",Olixar Google Pixel 2 XL Screen Protector 2-in-1 Pack,$7.79 ,https://images.mobilefun.co.uk/graphics/300pixelp/65376.jpg
iPhone 8,Olixar iPhone 8 Edge to Edge Tempered Glass Screen Protector - Black,$26.00 ,https://images.mobilefun.co.uk/graphics/300pixelp/65054.jpg
"Huawei
P20",Spigen GLAS.tR Nano Liquid Universal Screen Protection Kit,$32.50 ,https://images.mobilefun.co.uk/graphics/300pixelp/67146.jpg
"Galaxy S8
Plus",BodyGuardz Arc Glass Samsung Galaxy S8 Plus Screen Protector,$19.50 ,https://images.mobilefun.co.uk/graphics/300pixelp/62829.jpg
iPhone 8,OtterBox Alpha iPhone 8 / 7 / 6S / 6 Glass Screen Protector,$26.00 ,https://images.mobilefun.co.uk/graphics/300pixelp/65806.jpg
"Google
Pixel 2 XL",Whitestone Dome Glass Google Pixel 2XL Screen Protector - 2 Pack,$65.02 ,https://images.mobilefun.co.uk/graphics/300pixelp/68667.jpg
"OnePlus
5T",Olixar Sentinel OnePlus 5T Case and Glass Screen Protector,$32.50 ,https://images.mobilefun.co.uk/graphics/300pixelp/65783.jpg
"Huawei
P20 Lite",Olixar Sentinel Huawei P20 Lite Case and Glass Screen Protector,$32.50 ,https://images.mobilefun.co.uk/graphics/300pixelp/67529.jpg
"OnePlus
5T",Crystalusion Liquid Glass Screen Protection,$15.59 ,https://images.mobilefun.co.uk/graphics/300pixelp/39834.jpg
"Galaxy S8
Plus",Olixar Galaxy S8 Plus Case Compatible Glass Screen Protector - Black,$26.00 ,https://images.mobilefun.co.uk/graphics/300pixelp/63317.jpg
"iPhone 7
Plus",Olixar Sentinel iPhone 7 Plus Case and Glass Screen Protector,$32.50 ,https://images.mobilefun.co.uk/graphics/300pixelp/64932.jpg
iPhone 8,Spigen GLAS.tR Nano Liquid Universal Screen Protection Kit,$32.50 ,https://images.mobilefun.co.uk/graphics/300pixelp/67146.jpg
"Galaxy 
Note 8",Rearth Invisible Defender Samsung Galaxy Note 8 Screen Protector,$14.29 ,https://images.mobilefun.co.uk/graphics/300pixelp/64731.jpg
"Galaxy A5
2017",Acme Drop 2-in-1 Smartphone Screen Cleaner - 10ml,$6.49 ,https://images.mobilefun.co.uk/graphics/300pixelp/68456.jpg
"Galaxy 
Note 8",Crystalusion Liquid Glass Screen Protection,$15.59 ,https://images.mobilefun.co.uk/graphics/300pixelp/39834.jpg
iPhone SE,Rearth Invisible Defender iPhone SE Tempered Glass Screen Protector,$11.69 ,https://images.mobilefun.co.uk/graphics/300pixelp/57662.jpg
"Galaxy S8
Plus",Olixar Samsung Galaxy S8 Plus Screen Protector 2-in-1 Pack,$9.09 ,https://images.mobilefun.co.uk/graphics/300pixelp/63252.jpg
"iPhone 7
Plus",InvisibleShield iPhone 7 Plus HD Full Body Screen Protector,$26.00 ,https://images.mobilefun.co.uk/graphics/300pixelp/60618.jpg
"Google
Pixel 2",Olixar Sentinel Google Pixel 2 Case and Glass Screen Protector,$32.50 ,https://images.mobilefun.co.uk/graphics/300pixelp/65797.jpg
"Galaxy J3
2017",OtterBox Alpha Samsung Galaxy J3 2017 Glass Screen Protector,$24.70 ,https://images.mobilefun.co.uk/graphics/300pixelp/64765.jpg
"iPhone 8 
Plus",Olixar Sentinel iPhone 8 Plus Case and Glass Screen Protector,$32.50 ,https://images.mobilefun.co.uk/graphics/300pixelp/65297.jpg
"Google
Pixel 2",Crystalusion Liquid Glass Screen Protection,$15.59 ,https://images.mobilefun.co.uk/graphics/300pixelp/39834.jpg
Galaxy S8,Official Samsung Galaxy S8 Clear Cover Case Screen Protector Pack,$39.00 ,https://images.mobilefun.co.uk/graphics/300pixelp/63685.jpg
"Huawei
P20 Pro",Olixar Huawei P20 Pro Tempered Glass Camera Protectors - Twin Pack,$12.99 ,https://images.mobilefun.co.uk/graphics/300pixelp/67751.jpg
"Google
Pixel 2 XL",Olixar Google Pixel 2 XL Full Cover Glass Screen Protector - Black,$19.50 ,https://images.mobilefun.co.uk/graphics/300pixelp/65792.jpg
"iPhone 8 
Plus",Olixar iPhone 8 Plus / 7 Plus Screen Protector 2-in-1 Pack,$6.49 ,https://images.mobilefun.co.uk/graphics/300pixelp/61013.jpg
"Galaxy 
Note 8",Whitestone Dome Glass Samsung Galaxy Note 8 Screen Protector - 2 Pack,$65.02 ,https://images.mobilefun.co.uk/graphics/300pixelp/68664.jpg
"Huawei
P20 Lite",Olixar Huawei P20 Lite Screen Protector 2-in-1 Pack,$7.79 ,https://images.mobilefun.co.uk/graphics/300pixelp/67517.jpg
"Galaxy S8
Plus",Kahu Galaxy S8 Plus Case Friendly Glass Screen Protector - Clear,$16.89 ,https://images.mobilefun.co.uk/graphics/300pixelp/64029.jpg
"Galaxy S8
Plus",Spigen Samsung Galaxy S8 Plus Neo Flex Screen Protector,$19.50 ,https://images.mobilefun.co.uk/graphics/300pixelp/64358.jpg
iPhone X,Patchworks ITG iPhone X Privacy Tempered Glass Screen Protector,$19.50 ,https://images.mobilefun.co.uk/graphics/300pixelp/65023.jpg
"OnePlus
5T",Olixar OnePlus 5T Tempered Glass Screen Protector,$16.89 ,https://images.mobilefun.co.uk/graphics/300pixelp/65725.jpg
"iPhone 7
Plus",Olixar Red iPhone 7 Plus White to Black Fascia Glass Screen Protector,$26.00 ,https://images.mobilefun.co.uk/graphics/300pixelp/63367.jpg
"Galaxy S8
Plus",Olixar Galaxy S8 Plus EasyFit Case Compatible Glass Screen Protector,$32.50 ,https://images.mobilefun.co.uk/graphics/300pixelp/64128.jpg
"Huawei
P20 Lite",Olixar FlexiCover Complete Protection Huawei P20 Lite Case - Clear,$16.89 ,https://images.mobilefun.co.uk/graphics/300pixelp/67737.jpg
iPhone X,Cygnett Halo 360 iPhone X Front and Back TPU Screen Protectors,$26.00 ,https://images.mobilefun.co.uk/graphics/300pixelp/64636.jpg
Galaxy S8,Olixar Total Protection Samsung Galaxy S8 Case & Screen Protector,$15.59 ,https://images.mobilefun.co.uk/graphics/300pixelp/63554.jpg
iPhone 8,Olixar iPhone 8 / 7 Case Compatible Tempered Glass Screen Protector,$16.89 ,https://images.mobilefun.co.uk/graphics/300pixelp/61029.jpg
"Galaxy A5
2017",Spigen GLAS.tR Nano Liquid Universal Screen Protection Kit,$32.50 ,https://images.mobilefun.co.uk/graphics/300pixelp/67146.jpg
Galaxy S7,Rearth Invisible Defender Samsung Galaxy S7 Screen Protector - 4 Pack,$12.99 ,https://images.mobilefun.co.uk/graphics/300pixelp/57096.jpg
iPhone SE,Crystalusion Liquid Glass Screen Protection,$15.59 ,https://images.mobilefun.co.uk/graphics/300pixelp/39834.jpg
"Galaxy A3
2017",Acme Drop 2-in-1 Smartphone Screen Cleaner - 10ml,$6.49 ,https://images.mobilefun.co.uk/graphics/300pixelp/68456.jpg
Galaxy S7,Spigen GLAS.tR Nano Liquid Universal Screen Protection Kit,$32.50 ,https://images.mobilefun.co.uk/graphics/300pixelp/67146.jpg
iPhone 7,Olixar iPhone 8 / 7 Case Compatible Tempered Glass Screen Protector,$16.89 ,https://images.mobilefun.co.uk/graphics/300pixelp/61029.jpg
Galaxy S7,Spigen Crystal Samsung Galaxy S7 Film Screen Protector - Three Pack,$16.89 ,https://images.mobilefun.co.uk/graphics/300pixelp/57236.jpg
"iPhone 8 
Plus",Olixar iPhone 8 Plus / 7 Plus Anti-Blue Light Glass Screen Protector,$19.50 ,https://images.mobilefun.co.uk/graphics/300pixelp/61199.jpg
Galaxy S8,InvisibleShield Samsung Galaxy S8 Original Screen Protector,$19.50 ,https://images.mobilefun.co.uk/graphics/300pixelp/62723.jpg
Galaxy S8,Olixar Extreme Protection Galaxy S8 Case & Glass Screen Protector,$39.00 ,https://images.mobilefun.co.uk/graphics/300pixelp/63712.jpg
"Huawei
P20",OtterBox Alpha Huawei P20 Tempered Glass Screen Protector,$26.00 ,https://images.mobilefun.co.uk/graphics/300pixelp/67781.jpg
"Huawei
P20 Lite",The Ultimate Huawei P20 Lite Accessory Pack,$33.80 ,https://images.mobilefun.co.uk/graphics/300pixelp/67708.jpg
"Huawei
P20 Lite",Spigen GLAS.tR Nano Liquid Universal Screen Protection Kit,$32.50 ,https://images.mobilefun.co.uk/graphics/300pixelp/67146.jpg
"Galaxy 
Note 8",Spigen GLAS.tR Nano Liquid Universal Screen Protection Kit,$32.50 ,https://images.mobilefun.co.uk/graphics/300pixelp/67146.jpg
"Huawei
P20",Crystalusion Liquid Glass Screen Protection,$15.59 ,https://images.mobilefun.co.uk/graphics/300pixelp/39834.jpg
iPhone X,iPhone X Case with Glass Screen Protector - Olixar Sentinel,$32.50 ,https://images.mobilefun.co.uk/graphics/300pixelp/64934.jpg
"Galaxy S7
Edge",Spigen GLAS.tR Nano Liquid Universal Screen Protection Kit,$32.50 ,https://images.mobilefun.co.uk/graphics/300pixelp/67146.jpg
iPhone X,Olixar GlassTex iPhone X Screen and Back Glass Protectors with Guide,$16.89 ,https://images.mobilefun.co.uk/graphics/300pixelp/66113.jpg
iPhone 8,Whitestone Dome Glass iPhone 8 / 7 Full Cover Screen Protector,$52.01 ,https://images.mobilefun.co.uk/graphics/300pixelp/63745.jpg
"Galaxy S7
Edge",The Ultimate Samsung Galaxy S7 Edge Accessory Pack,$26.00 ,https://images.mobilefun.co.uk/graphics/300pixelp/58469.jpg
"Huawei
P20",Olixar Huawei P20 Film Screen Protector 2-in-1 Pack,$7.79 ,https://images.mobilefun.co.uk/graphics/300pixelp/67473.jpg
iPhone SE,Olixar iPhone SE Tempered Glass Screen Protector,$16.89 ,https://images.mobilefun.co.uk/graphics/300pixelp/58944.jpg
iPhone 7,Olixar iPhone 8 / 7 Anti-Blue Light Tempered Glass Screen Protector,$16.89 ,https://images.mobilefun.co.uk/graphics/300pixelp/61031.jpg
Galaxy S8,Official Samsung Galaxy S8 Screen Protector - Twin Pack,$16.89 ,https://images.mobilefun.co.uk/graphics/300pixelp/63091.jpg
"Galaxy S8
Plus",Official Samsung Galaxy S8 Plus Screen Protector - Twin Pack,$18.20 ,https://images.mobilefun.co.uk/graphics/300pixelp/63092.jpg
"Galaxy S8
Plus",The Ultimate Samsung Galaxy S8 Plus Accessory Pack,$33.80 ,https://images.mobilefun.co.uk/graphics/300pixelp/63573.jpg
iPhone 7,Olixar XTrio Full Cover iPhone 7 Case - Black,$32.50 ,https://images.mobilefun.co.uk/graphics/300pixelp/61445.jpg
